rank,title,author,publisher,date,price,original_price,discount,comments,recommendation,url
1,读读童谣和儿歌（一至四册） 升级版 一年级下册 人民教育出版社,人民教育出版社,人民教育出版社,2025-01-01,27.8,42.8,6.5折,25001,100%推荐,http://product.dangdang.com/29839829.html
2,脑筋急转弯999问 6-12岁儿童益智动脑游戏书 越玩越聪明,崔钟雷,吉林美术出版社,,19.9,49.8,4.0折,11239,100%推荐,http://product.dangdang.com/29975866.html
3,静候葡萄成熟时  汪曾祺散文精选 问到何时葡萄先熟透你要静候再静候 充满烟火气的文字 自然生趣的插图 治愈焦虑 只管生长,汪曾祺 著  时代华语 出品,江苏凤凰文艺出版社,2025-12-01,29.8,52.0,5.7折,3,33.3%推荐,http://product.dangdang.com/29990709.html
4,波西和皮普7册经典套装(小小聪明豆系列绘本)0-4岁低幼启蒙情绪管理习惯养成绘本，引导宝宝认识接纳情绪培养好品质，发现快乐，体验成长！,（德）阿克塞尔·舍夫勒著/绘,外语教学与研究出版社,2015-08-17,73.0,73.0,10.0折,517884,100%推荐,http://product.dangdang.com/23769597.html
5,经典常谈  八年级下 下册推荐书目   人民教育出版社 朱自清  初中语文配套名著课程化阅读丛书,,人民教育出版社,,20.1,26.8,7.5折,1402,99.8%推荐,http://product.dangdang.com/29966103.html
6,愿望的实现 全彩注音 小学二年级下册 快乐读书吧 推荐阅读（有声朗读）小学课外阅读,泰戈尔（印度）,商务印书馆,2020-02-01,16.4,21.8,7.5折,94694,100%推荐,http://product.dangdang.com/28516605.html
7,拉封丹寓言 快乐读书吧 三年级下册课外阅读(中小学生课外阅读指导丛书)无障碍阅读 彩插励志版 5万多读者热评！,（法）让 德 拉封丹,南方出版社,2018-10-01,17.1,22.8,7.5折,118953,100%推荐,http://product.dangdang.com/26440480.html
8,人教版快乐读书吧阅读课程化丛书三年级下册套装（伊索寓言+中国古代寓言+克雷洛夫寓言）共3册 语文教科书配套书目,曹文轩、陈先云 主编,人民教育出版社,2019-01-01,41.3,75.0,5.5折,126084,100%推荐,http://product.dangdang.com/26920501.html
9,被讨厌的勇气,"岸見一郎, 古賀史健",机械工业出版社,2020-03-05,26.4,55.0,4.8折,1819538,100%推荐,http://product.dangdang.com/28518072.html
10,小刺猬阿奈家的24小时,[法]  曾荷丽,浙江教育出版社,2024-05-31,30.4,76.0,4.0折,80609,100%推荐,http://product.dangdang.com/29743915.html
11,女生会学习 世界都让路 专供印签版 附赠学习手册 创意明信片 试听课和资料包,致91岁的双胞胎（王徐心怡 王徐心悦） 著，磨铁文化 出品,国际文化出版公司,2025-10-01,39.8,59.8,6.7折,33295,100%推荐,http://product.dangdang.com/29954938.html
12,波西和皮普11册超值套装赠同款精美贴纸名字贴(小小聪明豆系列绘本)0-4岁低幼启蒙情绪管理习惯养成绘本，引导宝宝认识接纳情绪培养好品质，发现快乐，体验成长！,（德）阿克塞尔·舍夫勒,外语教学与研究出版社,2022-05-01,137.0,137.0,10.0折,799123,100%推荐,http://product.dangdang.com/29409127.html
13,小狗钱钱（附赠免费亲子财商课+理财秘籍思维导图）,博多·舍费尔,中信出版社,2021-01-20,24.3,39.8,6.1折,453606,100%推荐,http://product.dangdang.com/29177871.html
14,十万个为什么 四年级下册快乐读书吧（含上下两本、彩色版 上下册标志拆塑封可见）语文教科书配书目,曹文轩、陈先云 主编,人民教育出版社,2020-01-01,48.8,75.0,6.5折,140850,100%推荐,http://product.dangdang.com/29200640.html
15,见春天（新增番外《见答案》！总收藏量超35万、点击量破千万！晋江人气作者 纵虎嗅花 催泪之作！）,纵虎嗅花 著,北京联合出版有限公司,2023-01-01,42.3,49.8,8.5折,194899,100%推荐,http://product.dangdang.com/29498859.html
16,呼兰河传(《语文》推荐阅读丛书)人民文学出版社,萧红,人民文学出版社,2018-04-01,26.0,26.0,10.0折,327488,100%推荐,http://product.dangdang.com/25283736.html
17,钢铁是怎样炼成的 原著正版七年级下阅读 推荐名著初中语文配套课外阅读语文同步教材 赠学习资料和音频,,黑龙江美术出版社,,15.9,39.8,4.0折,164,100%推荐,http://product.dangdang.com/29971101.html
18,活着（余华代表作，精装，易烊千玺推荐阅读）,余华  著 ，新经典  出品,北京十月文艺出版社,2021-10-01,31.0,45.0,6.9折,1786420,100%推荐,http://product.dangdang.com/29311943.html
19,十万个为什么 快乐读书吧四年级下册推荐课外阅读青少版科普中小学生课外阅读指导丛书彩插无障碍阅读 28万读者热评！,（苏）米 伊林,南方出版社,2018-10-01,17.1,22.8,7.5折,363981,100%推荐,http://product.dangdang.com/26509614.html
20,灰尘的旅行 中国科普作品精选 人民教育出版社四年级下册（含上下两本、彩色版~上下册标志在封面书名后，拆塑封可见） 语文教科书配套书目 人教版快乐读书吧,曹文轩、陈先云 主编,人民教育出版社,2020-01-01,32.5,50.0,6.5折,144204,100%推荐,http://product.dangdang.com/28521950.html
21,骆驼祥子原著正版七年级下阅读 推荐名著初中语文配套课外阅读语文同步教材 赠学习资料和音频,,哈尔滨出版社,,15.9,39.8,4.0折,121,100%推荐,http://product.dangdang.com/29971094.html
22,快乐读书吧六年级下册 鲁滨逊漂流记 汤姆索亚历险记 尼尔斯骑鹅旅行记 爱丽丝漫游仙境 课外阅读套装共4册 中小学生课外阅读无障碍阅读,马克 吐温，笛福，塞尔玛 拉格洛夫，卡罗尔，,时代文艺出版社,2018-11-01,46.7,62.2,7.5折,120946,100%推荐,http://product.dangdang.com/25577734.html
23,钢铁是怎样炼成的 七年级下 名著阅读课程化丛书 升级版 人民教育出版社七年级阅读书目,[苏]尼古拉 奥斯特洛夫斯基,人民教育出版社,2024-11-01,34.4,45.8,7.5折,34736,100%推荐,http://product.dangdang.com/29834471.html
24,跟着诗词去旅行 少年游学地理百科,日知图书 编著,北方妇女儿童出版社,2024-02-01,10.8,34.0,3.2折,558027,100%推荐,http://product.dangdang.com/29671906.html
25,看看我们的地球 金波、张抗抗推荐 快乐读书吧 爱阅读课程化丛书 2026年适用（无障碍阅读 彩插本）10000多名读者热评！小学四年级,李四光,民主与建设出版社,2020-02-01,16.1,24.8,6.5折,105952,100%推荐,http://product.dangdang.com/28513464.html
26,岩中花述 全四册 陈鲁豫新书作品当当专享印签版当当自营,陈鲁豫,湖南文艺出版社,2025-10-01,148.0,228.0,6.5折,51403,100%推荐,http://product.dangdang.com/29958646.html
27,人类起源的演化过程 金波、张抗抗推荐 快乐读书吧 爱阅读课程化丛书 2026年适用（无障碍阅读 彩插本）小学四年级,贾兰坡,民主与建设出版社,2020-02-01,16.1,24.8,6.5折,96618,100%推荐,http://product.dangdang.com/28513469.html
28,漫画讲透黄帝内经 十二时辰养生智慧 二十四节气养生智慧 中医八大名著之一养生图解 皇帝内经漫画版原版,张嘉铭，王婧,化学工业出版社,2024-02-01,13.9,58.0,2.4折,280718,100%推荐,http://product.dangdang.com/29702099.html
29,你当像鸟飞往你的山（中文版销量超200万册，比尔·盖茨年度特别推荐！登顶《纽约时报》畅销榜80+周，这本书比你听说的还要好！）,塔拉 · 韦斯特弗  著 ， 新经典  出品,南海出版公司,2019-11-01,34.8,59.0,5.9折,1934961,100%推荐,http://product.dangdang.com/28473192.html
30,红楼梦（上、下册，全两册，全本120回）（团购电话:400-1066666转6）,曹雪芹,人民文学出版社,1982-03-01,59.7,59.7,10.0折,1055611,99.8%推荐,http://product.dangdang.com/102771.html
31,蛤蟆先生去看心理医生（热销500万册！英国经典心理咨询入门书，知名心理学家李松蔚强烈推荐）,罗伯特·戴博德，果麦文化 出品,天津人民出版社,2020-07-01,22.8,38.0,6.0折,2086404,100%推荐,http://product.dangdang.com/28992419.html
32,我与地坛 纪念版  百班千人寒假书单 九年级推荐阅读 当当自营,史铁生,人民文学出版社,2011-06-01,29.0,29.0,10.0折,1867832,100%推荐,http://product.dangdang.com/21055821.html
33,骆驼祥子 七年级下 名著阅读课程化丛书 升级版 人民教育出版社七年级阅读书目,老舍著,人民教育出版社,2024-12-01,22.4,29.8,7.5折,26460,100%推荐,http://product.dangdang.com/29834736.html
34,悉达多 人民日报推荐 心动的信号7彭高翁青雅同款，翻译家姜乙译本【果麦经典】,[德]赫尔曼·黑塞，译者：姜乙，果麦文化 出品,天津人民出版社,2017-01-01,16.0,32.0,5.0折,761564,100%推荐,http://product.dangdang.com/26186058.html
35,一句顶一万句 刘震云作品 印签版 茅盾文学奖 专享印签本当当自营孟非,刘震云，长江新世纪 出品,广东花城出版社,2022-08-01,64.6,68.0,9.5折,822745,99.9%推荐,http://product.dangdang.com/29437347.html
36,俗世奇人（足本）（《语文》推荐阅读丛书）人民文学出版社,冯骥才,人民文学出版社,2018-04-01,28.0,28.0,10.0折,587907,100%推荐,http://product.dangdang.com/25267185.html
37,没头脑和不高兴（注音版）,任溶溶,浙江少年儿童出版社,2021-08-01,15.0,25.0,6.0折,726914,100%推荐,http://product.dangdang.com/29291249.html
38,四大名著套装 西游记 红楼梦 三国演义 水浒传 五年级下册快乐读书吧推荐阅读 青少版无障碍阅读 中小学生课外阅读指导丛书共4册 12万读者好评！,吴承恩，施耐庵，曹雪芹，罗贯中，,时代文艺出版社,2012-07-01,50.3,59.2,8.5折,215011,99.9%推荐,http://product.dangdang.com/23276506.html
39,窄门（典藏插图版）诺贝尔文学奖得主纪德巅峰之作！傅雷翻译奖得主李玉民的法语直译本。余华读到浑身发抖，想要写出来的小说！,[法]安德烈·纪德 著 李玉民 译，紫图图书 出品,四川人民出版社,2025-02-01,44.0,55.0,8.0折,78745,100%推荐,http://product.dangdang.com/29845066.html
40,毛泽东选集（全四册，32开）,毛泽东 著,人民出版社,1991-06-01,56.7,81.0,7.0折,264510,99.9%推荐,http://product.dangdang.com/23413230.html
41,简·爱 九年级下 名著阅读课程化丛书  导读版 人民教育出版社,（英）夏绿蒂.勃朗特 著；宋兆霖 译,人民教育出版社,2018-10-01,36.6,48.8,7.5折,188042,100%推荐,http://product.dangdang.com/26475993.html
42,三体全3册套装三体123黑暗森林死神永生： 刘慈欣代表作，亚洲“雨果奖”获奖作品！中国科幻基石丛书 科幻小说代表作,刘慈欣,重庆出版社,2010-11-01,88.4,93.0,9.5折,2601250,99.9%推荐,http://product.dangdang.com/23579654.html
43,我从未如此眷恋人间：周深“终于开始学会眷恋这人间”史铁生、季羡林、余光中、丰子恺等联手献作，把深情写入文字，告诉你这世间原来是它们最惹人恋。,史铁生 汪曾祺 等 著，文通天下 出品,读者出版社,2022-02-01,22.4,49.8,4.5折,517947,100%推荐,http://product.dangdang.com/29370653.html
44,不要担心2小时和8公里以外的事情（一本鼓励你用“微小的锚点”稳住“巨大的不确定”的心理指南！）,李松涛 著；书田文化 出品,北京联合出版有限公司,2025-10-01,29.8,49.8,6.0折,12509,100%推荐,http://product.dangdang.com/29952480.html
45,俗世奇人（修订版）入选中小学生阅读指导目录,冯骥才,作家出版社,2010-09-01,18.0,18.0,10.0折,636685,99.6%推荐,http://product.dangdang.com/20445588.html
46,跨山海 : 26位古代诗词偶像的真实人生 限量亲签版 三面全彩刷边 赠精美书签藏书票 飞机盒+珍珠棉发货,《千古风流人物》项目组,北京联合出版有限公司,2025-12-01,138.0,168.0,8.2折,1160,99.9%推荐,http://product.dangdang.com/29985612.html
47,看世界 阅山河+游中国 访名校,藏梦工作室编，拾字文化绘,应急管理出版社,,59.6,119.6,5.0折,0,0%推荐,http://product.dangdang.com/410521140.html
48,时代广场的蟋蟀（麦克米伦世纪大奖小说典藏本）重点小学课外阅读推荐书目,[美]乔治·塞尔登,二十一世纪出版社集团,2017-09-01,12.6,29.8,4.2折,57993,100%推荐,http://product.dangdang.com/29719865.html
49,刘震云咸的玩笑印签版 刘震云新书 当当自营 现货发售 先下单先发货当当自营,刘震云,人民文学出版社,2026-01-01,49.8,69.0,7.2折,17777,99.9%推荐,http://product.dangdang.com/29981678.html
50,全球视野下的投资机会 时寒冰说未来二十年作者 经济趋势研究专家时寒冰十年磨一剑之作 解码资本流向 抢占财富先机,时寒冰,中信出版社,2025-08-31,65.0,88.0,7.4折,11736,99.9%推荐,http://product.dangdang.com/29929438.html
51,窄门（诺贝尔文学奖经典 读完《窄门》便读懂了纪德的一生 法文直译全新版 “你希望很快忘记吗？—我希望永远不忘”）,[法] 安德烈·纪德，译者 顾琪静，果麦文化 出品,天津人民出版社,2018-10-01,22.5,45.0,5.0折,559145,100%推荐,http://product.dangdang.com/25479247.html
52,了凡四训（2025年新版）,袁了凡，果麦文化  出品,三秦出版社,2025-04-30,17.5,35.0,5.0折,48067,100%推荐,http://product.dangdang.com/29871531.html
53,尼尔斯骑鹅旅行记 快乐读书吧 六年级下册推荐阅读(中小学生课外阅读指导丛书)无障碍阅读 彩插励志版 130000多名读者热评！,（瑞典）拉格洛夫,南方出版社,2021-04-01,12.6,16.8,7.5折,339659,99.9%推荐,http://product.dangdang.com/23379456.html
54,本草纲目节气养生年历 蔡志忠本草纲目 顺应节气学养生 养出健康好体质  蔡志忠手绘 顺时养生人士收藏,蔡志忠;读客文化 出品,天津科学技术出版社,2025-09-30,39.9,69.9,5.7折,453,99.8%推荐,http://product.dangdang.com/29954969.html
55,十日终焉8因果无限流齐夏杀虫队队员当当自营,杀虫队队员，风炫文化 出品,江苏凤凰文艺出版社,2025-10-31,38.5,48.0,8.0折,16866,100%推荐,http://product.dangdang.com/29953844.html
56,小狗钱钱2—让孩子和家长受益一生的品格教育童话，官方授权正版,博多·舍费尔,中信出版社,2021-12-10,24.3,39.8,6.1折,35584,100%推荐,http://product.dangdang.com/29343044.html
57,罗尔德·达尔作品典藏（彩图拼音版）—了不起的狐狸爸爸,(英) 罗尔德·达尔 著； (英) 昆汀·布莱克绘；代维 译。,明天出版社,2018-09-01,13.3,28.0,4.8折,498255,100%推荐,http://product.dangdang.com/25575797.html
58,人教社 快乐读书吧 二年级下册 套装4册,曹文轩 陈先云 主编,人民教育出版社,,34.5,64.0,5.4折,108866,100%推荐,http://product.dangdang.com/410302360.html
59,课文作家作品系列 文具的家 一年级下册 圣野著（语文教材配套、教材编者选编、名家经典阅读、课文作家面对面）人民教育出版社 团购电话:4001066666转6,圣野 著，晓波 选编，王林 主编,人民教育出版社,2017-09-01,17.9,21.0,8.5折,187058,100%推荐,http://product.dangdang.com/29194730.html
60,非暴力沟通【包邮】当当独家经典畅销版 马歇尔·卢森堡著 一部曾经改变世界无数人命运的扛鼎之作,(美) 马歇尔·卢森堡,华夏出版社,2018-08-31,34.8,49.0,7.1折,840120,100%推荐,http://product.dangdang.com/29844500.html
61,经典常谈 朱自清著八年级下册语文教材名著导读推荐阅读书目 适合学生自主阅读的课外阅读读本 一部讲述中国传统经典文化的著作,朱自清,南方出版社,2023-01-01,15.8,26.8,5.9折,215820,100%推荐,http://product.dangdang.com/29504472.html
62,正面管教修订版,[美] 简·尼尔森,北京联合出版公司,2016-07-01,32.3,38.0,8.5折,2345952,100%推荐,http://product.dangdang.com/23990140.html
63,穿过地平线：看看我们的地球 小学四年级下册快乐读书吧课外阅读 全彩有声朗读 小学课外阅读,李四光,商务印书馆,2020-03-01,21.6,28.8,7.5折,79795,100%推荐,http://product.dangdang.com/28520329.html
64,骆驼祥子 钢铁是怎样炼成的 七年级下册课外阅读书目套装共2册 升级版 全本无删减名著阅读课程化丛书 人民教育出版社,奥斯特洛夫斯基,人民教育出版社,2024-11-01,56.7,75.6,7.5折,864,100%推荐,http://product.dangdang.com/29848653.html
65,克雷洛夫寓言 三年级下册 语文教科书配套书目 人教版快乐读书吧,曹文轩、陈先云 主编,人民教育出版社,2019-01-01,13.8,25.0,5.5折,341793,100%推荐,http://product.dangdang.com/26916248.html
66,认知觉醒 开启自我改变的原动力,周岭,人民邮电出版社,2020-09-01,59.8,59.8,10.0折,462843,100%推荐,http://product.dangdang.com/29119834.html
67,小英雄雨来 红色经典故事快乐读书吧六年级上册推荐阅读中小学生课外阅读指导丛书无障碍阅读 彩插励志版 16万多名读者热评！,管桦,南方出版社,2019-06-01,14.9,19.8,7.5折,338093,100%推荐,http://product.dangdang.com/27950678.html
68,五味太郎：小金鱼逃走了,五味太郎 著， 爱心树童书  出品,新星出版社,2017-04-01,20.6,35.0,5.9折,546485,100%推荐,http://product.dangdang.com/25069499.html
69,我有友情要出租（拼音版）,方素珍 著 郝洛玟 绘,新疆青少年出版社,2017-05-01,9.9,18.0,5.5折,422517,100%推荐,http://product.dangdang.com/25084833.html
70,妈妈买绿豆（3-8岁） 信谊幼儿文学奖,曾阳晴 著，万华国 绘,明天出版社,2019-08-01,16.3,35.8,4.6折,424979,100%推荐,http://product.dangdang.com/27924057.html
71,剪映真传：7天吃透短视频剪辑（手机版+电脑版）,富索索,清华大学出版社,2025-09-01,59.3,79.0,7.5折,2517,100%推荐,http://product.dangdang.com/29951999.html
72,中华人民共和国宪法（实用版）（根据修改后的立法法全新修订）,中国法制出版社,中国法治出版社,2023-03-01,8.8,22.0,4.0折,159811,100%推荐,http://product.dangdang.com/29546253.html
73,骆驼祥子 全本（《语文》推荐阅读丛书）七年级下册推荐阅读 人民文学出版社七年级阅读书目,老舍,人民文学出版社,2018-04-01,26.0,26.0,10.0折,448816,100%推荐,http://product.dangdang.com/25267314.html
74,穿过地平线 又名:看看我们的地球 快乐读书吧 四年级下册课外阅读(中小学生课外阅读指导丛书)无障碍阅读 近8万读者热评！,李四光著,南方出版社,2019-12-01,18.6,24.8,7.5折,157499,100%推荐,http://product.dangdang.com/28504960.html
75,我身上有个不可战胜的夏天 加缪精选随笔集  在隆冬 我终于明白 我身上有个不可战胜的夏天 当当自营图书,加缪。果麦文化 出品,天津人民出版社,2025-07-16,19.9,39.8,5.0折,62609,100%推荐,http://product.dangdang.com/29910669.html
76,纳瓦尔宝典：从白手起家到财务自由，硅谷知名天使投资人纳瓦尔智慧箴言录,埃里克·乔根森,中信出版社,2022-05-31,44.2,68.0,6.5折,226243,100%推荐,http://product.dangdang.com/29393845.html
77,猜猜我有多爱你（3-8岁）信谊世界精选图画书,[英] 山姆·麦克布雷尼 著，[英] 安妮塔·婕朗 绘，梅子涵 译,明天出版社,2020-09-01,19.9,43.8,4.5折,543052,100%推荐,http://product.dangdang.com/29132118.html
78,十日终焉7极道  当当自营 杀虫队队员无限流,杀虫队队员，风炫文化 出品,江苏凤凰文艺出版社,2025-09-01,38.5,48.0,8.0折,25024,100%推荐,http://product.dangdang.com/29930838.html
79,病隙碎笔史铁生 光影纪念版  书内彩插作者亲摄照片12幅 史铁生充满灵性光辉的生命笔记 当当自营图书,"史铁生 著,博集天卷 出品",湖南文艺出版社,2021-11-01,45.6,48.0,9.5折,629292,100%推荐,http://product.dangdang.com/29325113.html
80,我的身体很重要精装2-4-6岁宝宝自我保护防范性侵低龄性教育绘本亲子共读防性侵指南,远见才希子,新世纪出版社,2023-07-31,18.1,49.0,3.7折,70689,100%推荐,http://product.dangdang.com/29604991.html
81,新版林格伦作品选集·美绘版—— 长袜子皮皮,阿斯特丽德·林格伦,中国少年儿童出版社,2021-08-01,31.9,35.0,9.1折,403068,100%推荐,http://product.dangdang.com/29277023.html
82,小狗钱钱（套装2册）（附赠免费亲子财商课+理财秘籍思维导图）,博多·舍费尔,中信出版社,2021-12-10,48.6,79.6,6.1折,588756,100%推荐,http://product.dangdang.com/29343067.html
83,此刻是春天 卢思浩2025全新长篇力作  纵使世界寒冬  但我耕种春天 当当自营,"卢思浩 著,博集天卷 出品",湖南文艺出版社,2025-07-01,31.1,51.8,6.0折,136725,100%推荐,http://product.dangdang.com/29914884.html
84,无所谓，没必要，不至于（人人都能学会的无敌心态，给当代年轻人的发疯指南！畅销书《首先你要快乐，其次都是其次》姊妹篇）,林小仙,中国妇女出版社,2025-06-01,29.5,59.0,5.0折,30566,100%推荐,http://product.dangdang.com/29898971.html
85,亮丽精美触摸书：小兔比利 0-3岁幼儿早教启蒙感官认知触感翻翻书,莫里斯·普莱格尔 /文图 荣信文化/编译,未来出版社,2011-09-01,56.6,68.8,8.2折,248985,100%推荐,http://product.dangdang.com/28483082.html
86,金钱心理学 入选2024得到年度书单TOP15,［美］摩根 · 豪泽尔  后浪,民主与建设出版社,2023-06-01,21.8,56.0,3.9折,87994,100%推荐,http://product.dangdang.com/29576637.html
87,给孩子的安全教育漫画：对侵犯说不（新版）,孩子们的安全官爸爸 著，磨铁文化 出品,天津科学技术出版社,2025-08-25,22.0,38.0,5.8折,599,100%推荐,http://product.dangdang.com/29930675.html
88,我的阿勒泰（马伊琍、周依然、于适、蒋奇明主演的同名电视剧）新疆风光 马伊琍周依然于适主演央视热播收视登顶 李娟阿勒泰畅销代表作,李娟,广东花城出版社,2021-08-04,27.0,45.0,6.0折,515914,100%推荐,http://product.dangdang.com/29295452.html
89,夏洛的网(2020版）（三年级阅读经典书目）,（美）怀特　著，任溶溶　译,上海译文出版社,2014-08-01,25.5,37.0,6.9折,1519067,99.5%推荐,http://product.dangdang.com/28533668.html
90,窗边的小豆豆（影响21世纪的儿童文学杰作，北大名师推荐，2500万孩子和大人的人生之书！）,（日）黑柳彻子， 爱心树童书  出品,南海出版公司,2018-05-01,27.2,39.5,6.9折,1852552,99.9%推荐,http://product.dangdang.com/25272786.html
91,小刺猬理发百年百部精选注音书 本书收录了鲁兵的童话和童谣诗,鲁兵,长江少年儿童出版社,2018-08-01,10.6,25.0,4.2折,65500,100%推荐,http://product.dangdang.com/25316357.html
92,2024中华人民共和国刑法（实用版）（第十版）根据刑法修正案（十二）全新修订 团购电话:4001066666转6,中国法制出版社,中国法治出版社,2024-01-01,12.0,30.0,4.0折,69530,100%推荐,http://product.dangdang.com/29672786.html
93,富爸爸穷爸爸 × DeepSeek AI智能伴读版,【美】罗伯特·清崎    萧明 译,四川人民出版社,2019-08-01,39.8,89.0,4.5折,643958,100%推荐,http://product.dangdang.com/27902388.html
94,拉封丹寓言（《语文》推荐阅读丛书）人民文学出版社,（法）拉封丹 著 李玉民 译,人民文学出版社,2021-01-01,34.0,34.0,10.0折,13729,100%推荐,http://product.dangdang.com/29188016.html
95,明朝那些事儿增补版.第1部（2021版）（当当专供）,当年明月 著，磨铁文化 出品,北京联合出版有限公司,2017-05-01,27.0,45.0,6.0折,195692,100%推荐,http://product.dangdang.com/29296795.html
96,小学生必背古诗词75首 80首 金奖好书 全国通用1-6年级含统编版人教版RJ教材必背129首(王芳推荐)共200首超50万读者热评全国多地语文老师推荐彩绘注音有声版团购电话4001066666转6,说词解字辞书研究中心,华语教学出版社,2014-02-01,26.6,28.0,9.5折,663719,100%推荐,http://product.dangdang.com/23435948.html
97,一间只属于自己的房间（文淇同款！热播剧《我的阿勒泰》经典台词，女性主义奠基作品，李银河、杨澜推荐）,[英]弗吉尼亚·伍尔夫，果麦文化 出品,天津人民出版社,2024-04-01,19.9,39.8,5.0折,220451,100%推荐,http://product.dangdang.com/29715798.html
98,呼兰河传 “文学洛神”萧红的“旷世之作”影响数代人的文学经典,萧红；小博集出品,湖南文艺出版社,2025-04-24,21.3,25.0,8.5折,4623,100%推荐,http://product.dangdang.com/29874965.html
99,大道：段永平投资问答录 全球段永平首肯出版的问答录 100%段永平真言：日期明确，句句溯源,赵理亚 芒格书院,中信出版社,2025-05-31,70.5,98.0,7.2折,40914,100%推荐,http://product.dangdang.com/29874317.html
100,儒林外史 九年级下 名著阅读课程化丛书 导读版 人民教育出版社,（清）吴敬梓 著,人民教育出版社,2018-12-01,37.4,49.8,7.5折,204654,100%推荐,http://product.dangdang.com/26485508.html
