rank,title,director,actors,year,country,genre,rating,votes,quote,url
1,肖申克的救赎,弗兰克·德拉邦特,蒂姆·罗宾斯 摩根·弗里曼,1994,美国,剧情 犯罪,9.7,3266377,希望让人自由。,https://movie.douban.com/subject/1292052/
2,霸王别姬,陈凯歌,张国荣 张丰毅,1993,中国大陆 中国香港,剧情 爱情 同性,9.6,2409592,风华绝代。,https://movie.douban.com/subject/1291546/
3,泰坦尼克号,詹姆斯·卡梅隆,莱昂纳多·迪卡普里奥 凯特·温斯莱特,1997,美国,剧情 爱情 灾难,9.5,2483582,失去的才是永恒的。 ,https://movie.douban.com/subject/1292722/
4,阿甘正传,罗伯特·泽米吉斯,汤姆·汉克斯 罗宾·怀特,1994,美国,剧情 爱情,9.5,2417919,一部美国近现代史。,https://movie.douban.com/subject/1292720/
5,千与千寻,宫崎骏,柊瑠美 入野自由,2001,日本,剧情 动画 奇幻,9.4,2522114,最好的宫崎骏，最好的久石让。 ,https://movie.douban.com/subject/1291561/
6,美丽人生,罗伯托·贝尼尼,罗伯托·贝尼尼 尼可莱塔·布拉斯基,1997,意大利,剧情 喜剧 爱情 战争,9.5,1474429,最美的谎言。,https://movie.douban.com/subject/1292063/
7,星际穿越,克里斯托弗·诺兰,马修·麦康纳 安妮·海瑟薇,2014,美国 英国 加拿大,剧情 科幻 冒险,9.4,2164979,爱是一种力量，让我们超越时空感知它的存在。,https://movie.douban.com/subject/1889243/
8,这个杀手不太冷,吕克·贝松,让·雷诺 娜塔莉·波特曼,1994,法国 美国,剧情 动作 犯罪,9.4,2540707,怪蜀黍和小萝莉不得不说的故事。,https://movie.douban.com/subject/1295644/
9,盗梦空间,克里斯托弗·诺兰,莱昂纳多·迪卡普里奥 约瑟夫·高登-莱维特,2010,美国 英国,剧情 科幻 悬疑 冒险,9.4,2312710,诺兰给了我们一场无法盗取的梦。,https://movie.douban.com/subject/3541415/
10,楚门的世界,彼得·威尔,金·凯瑞 劳拉·琳妮,1998,美国,剧情 科幻,9.4,2004505,如果再也不能见到你，祝你早安，午安，晚安。,https://movie.douban.com/subject/1292064/
11,辛德勒的名单,史蒂文·斯皮尔伯格,连姆·尼森 本·金斯利,1993,美国,剧情 历史 战争,9.5,1241145,拯救一个人，就是拯救整个世界。,https://movie.douban.com/subject/1295124/
12,忠犬八公的故事,拉斯·霍尔斯道姆,理查·基尔 莎拉·罗默尔,2009,美国 英国,剧情,9.4,1535978,永远都不能忘记你所爱的人。,https://movie.douban.com/subject/3011091/
13,海上钢琴师,朱塞佩·托纳多雷,蒂姆·罗斯 普路特·泰勒·文斯,1998,意大利,剧情 音乐,9.3,1870063,每个人都要走一条自己坚定了的路，就算是粉身碎骨。 ,https://movie.douban.com/subject/1292001/
14,疯狂动物城,拜伦·霍华德 瑞奇·摩尔 杰拉德·布什,金妮弗·古德温 杰森·贝特曼,2016,美国,喜剧 动画 冒险,9.3,2302942,迪士尼给我们营造的乌托邦就是这样，永远善良勇敢，永远出乎意料。,https://movie.douban.com/subject/25662329/
15,三傻大闹宝莱坞,拉吉库马尔·希拉尼,阿米尔·汗 卡琳娜·卡普尔,2009,印度,剧情 喜剧 爱情 歌舞,9.2,2068208,英俊版憨豆，高情商版谢耳朵。,https://movie.douban.com/subject/3793023/
16,机器人总动员,安德鲁·斯坦顿,本·贝尔特 艾丽莎·奈特,2008,美国,科幻 动画 冒险,9.3,1482514,小瓦力，大人生。,https://movie.douban.com/subject/2131459/
17,放牛班的春天,克里斯托夫·巴哈蒂,让-巴蒂斯特·莫尼耶 热拉尔·朱尼奥,2004,法国 瑞士 德国,剧情 音乐,9.3,1465766,天籁一般的童声，是最接近上帝的存在。 ,https://movie.douban.com/subject/1291549/
18,无间道,刘伟强 麦兆辉,刘德华 梁朝伟,2002,中国香港,剧情 惊悚 犯罪,9.3,1555344,香港电影史上永不过时的杰作。,https://movie.douban.com/subject/1307914/
19,控方证人,比利·怀尔德,泰隆·鲍华 玛琳·黛德丽,1957,美国,剧情 悬疑 惊悚 犯罪,9.6,735258,比利·怀德满分作品。,https://movie.douban.com/subject/1296141/
20,寻梦环游记,李·昂克里奇 阿德里安·莫利纳,安东尼·冈萨雷斯 盖尔·加西亚·贝纳尔,2017,美国,喜剧 动画 音乐 奇幻,9.1,1972930,死亡不是真的逝去，遗忘才是永恒的消亡。,https://movie.douban.com/subject/20495023/
21,大话西游之大圣娶亲,刘镇伟,周星驰 吴孟达,1995,中国香港 中国大陆,喜剧 爱情 奇幻 古装,9.2,1701502,一生所爱。,https://movie.douban.com/subject/1292213/
22,熔炉,黄东赫,孔刘 郑裕美,2011,韩国,剧情,9.3,1031592,我们一路奋战不是为了改变世界，而是为了不让世界改变我们。,https://movie.douban.com/subject/5912992/
23,触不可及,奥利维埃·纳卡什 埃里克·托莱达诺,弗朗索瓦·克鲁塞 奥玛·希,2011,法国,剧情 喜剧,9.3,1287722,满满温情的高雅喜剧。,https://movie.douban.com/subject/6786002/
24,教父,弗朗西斯·福特·科波拉,马龙·白兰度 阿尔·帕西诺,1972,美国,剧情 犯罪,9.3,1100418,千万不要记恨你的对手，这样会让你失去理智。,https://movie.douban.com/subject/1291841/
25,末代皇帝,贝纳尔多·贝托鲁奇,尊龙 陈冲,1987,英国 意大利 中国大陆 法国,剧情 传记 历史,9.3,1022763,“不要跟我比惨，我比你更惨”再适合这部电影不过了。,https://movie.douban.com/subject/1293172/
26,哈利·波特与魔法石,克里斯·哥伦布,丹尼尔·雷德克里夫 艾玛·沃森,2001,美国 英国,奇幻 冒险,9.2,1413338,童话世界的开端。,https://movie.douban.com/subject/1295038/
27,当幸福来敲门,加布里埃莱·穆奇诺,威尔·史密斯 贾登·史密斯,2006,美国,剧情 家庭 传记,9.1,1679941,平民励志片。 ,https://movie.douban.com/subject/1849031/
28,龙猫,宫崎骏,日高范子 坂本千夏,1988,日本,动画 奇幻 冒险,9.2,1404420,人人心中都有个龙猫，童年就永远不会消失。,https://movie.douban.com/subject/1291560/
29,活着,张艺谋,葛优 巩俐,1994,中国大陆 中国香港,剧情 家庭 历史,9.3,964883,张艺谋最好的电影。,https://movie.douban.com/subject/1292365/
30,怦然心动,罗伯·莱纳,玛德琳·卡罗尔 卡兰·麦克奥利菲,2010,美国,剧情 喜剧 爱情,9.1,2041587,真正的幸福是来自内心深处。,https://movie.douban.com/subject/3319755/
31,蝙蝠侠：黑暗骑士,克里斯托弗·诺兰,克里斯蒂安·贝尔 希斯·莱杰,2008,美国 英国,剧情 动作 科幻 惊悚 犯罪,9.2,1187189,无尽的黑暗。,https://movie.douban.com/subject/1851857/
32,指环王3：王者无敌,彼得·杰克逊,伊利亚·伍德 西恩·奥斯汀,2003,美国 新西兰,剧情 动作 奇幻 冒险,9.3,905416,史诗的终章。,https://movie.douban.com/subject/1291552/
33,我不是药神,文牧野,徐峥 王传君,2018,中国大陆,剧情 喜剧,9.0,2340195,对我们国家而言，这样的电影多一部是一部。,https://movie.douban.com/subject/26752088/
34,乱世佳人,维克多·弗莱明 乔治·库克 山姆·伍德,费雯·丽 克拉克·盖博,1939,美国,剧情 爱情 历史 战争,9.3,790032,Tomorrow is another day.,https://movie.douban.com/subject/1300267/
35,飞屋环游记,彼特·道格特 鲍勃·彼德森,爱德华·阿斯纳 克里斯托弗·普卢默,2009,美国,剧情 喜剧 动画 冒险,9.1,1491989,最后那些最无聊的事情，才是最值得怀念的。 ,https://movie.douban.com/subject/2129039/
36,让子弹飞,姜文,姜文 葛优,2010,中国大陆 中国香港,剧情 喜剧 动作 西部,9.0,1911662,你给我翻译翻译，神马叫做TMD的惊喜。,https://movie.douban.com/subject/3742360/
37,哈尔的移动城堡,宫崎骏,倍赏千惠子 木村拓哉,2004,日本,爱情 动画 奇幻 冒险,9.1,1282231,带着心爱的人在天空飞翔。,https://movie.douban.com/subject/1308807/
38,十二怒汉,西德尼·吕美特,亨利·方达 马丁·鲍尔萨姆,1957,美国,剧情,9.4,575232,1957年的理想主义。 ,https://movie.douban.com/subject/1293182/
39,海蒂和爷爷,阿兰·葛斯彭纳,阿努克·斯特芬 布鲁诺·冈茨,2015,德国 瑞士,剧情 家庭 冒险,9.3,773890,如果生活中有什么使你感到快乐，那就去做吧！不要管别人说什么。,https://movie.douban.com/subject/25958717/
40,素媛,李濬益,薛景求 严志媛,2013,韩国,剧情,9.3,772363,受过伤害的人总是笑得最开心，因为他们不愿意让身边的人承受一样的痛苦。,https://movie.douban.com/subject/21937452/
41,猫鼠游戏,史蒂文·斯皮尔伯格,莱昂纳多·迪卡普里奥 汤姆·汉克斯,2002,美国 加拿大,剧情 传记 犯罪,9.1,1202887,骗子大师和执著警探的你追我跑故事。 ,https://movie.douban.com/subject/1305487/
42,天空之城,宫崎骏,田中真弓 横泽启子,1986,日本,动画 奇幻 冒险,9.2,1004100,对天空的追逐，永不停止。 ,https://movie.douban.com/subject/1291583/
43,鬼子来了,姜文,姜文 香川照之,2000,中国大陆,剧情 喜剧,9.3,711361,对敌人的仁慈，就是对自己残忍。,https://movie.douban.com/subject/1291858/
44,摔跤吧！爸爸,涅提·蒂瓦里,阿米尔·汗 法缇玛·萨那·纱卡,2016,印度,剧情 家庭 传记 运动,9.0,1737599,你不是在为你一个人战斗，你要让千千万万的女性看到女生并不是只能相夫教子。,https://movie.douban.com/subject/26387939/
45,少年派的奇幻漂流,李安,苏拉·沙玛 伊尔凡·可汗,2012,美国 中国台湾 英国 加拿大,剧情 奇幻 冒险,9.1,1483905,瑰丽壮观、无人能及的冒险之旅。,https://movie.douban.com/subject/1929463/
46,钢琴家,罗曼·波兰斯基,阿德里安·布罗迪 托马斯·克莱舒曼,2002,英国 法国 波兰 德国 美国,剧情 音乐 传记 战争,9.3,746212,,https://movie.douban.com/subject/1296736/
47,指环王2：双塔奇兵,彼得·杰克逊,伊利亚·伍德 西恩·奥斯汀,2002,美国 新西兰,剧情 动作 奇幻 冒险,9.2,852580,承前启后的史诗篇章。,https://movie.douban.com/subject/1291572/
48,死亡诗社,彼得·威尔,罗宾·威廉姆斯 罗伯特·肖恩·莱纳德,1989,美国,剧情,9.2,875092,当一个死水般的体制内出现一个活跃的变数时，所有的腐臭都站在了光明的对面。,https://movie.douban.com/subject/1291548/
49,大话西游之月光宝盒,刘镇伟,周星驰 吴孟达,1995,中国香港 中国大陆,喜剧 爱情 奇幻 古装,9.0,1359702,,https://movie.douban.com/subject/1299398/
50,何以为家,娜丁·拉巴基,赞恩·阿尔·拉菲亚 约丹诺斯·希费罗,2018,黎巴嫩 美国 法国 塞浦路斯 卡塔尔 英国,剧情,9.1,1158084,凝视卑弱生命，用电影改变命运。,https://movie.douban.com/subject/30170448/
51,绿皮书,彼得·法雷里,维果·莫腾森 马赫沙拉·阿里,2018,美国 中国大陆,剧情 喜剧 音乐 传记,8.9,1882465,去除成见，需要勇气。,https://movie.douban.com/subject/27060077/
52,闻香识女人,马丁·布莱斯特,阿尔·帕西诺 克里斯·奥唐纳,1992,美国,剧情,9.1,1017586,,https://movie.douban.com/subject/1298624/
53,大闹天宫,万籁鸣,邱岳峰 富润生,1961,中国大陆,剧情 动画 奇幻 古装,9.4,506929,,https://movie.douban.com/subject/1418019/
54,黑客帝国,莉莉·沃卓斯基 拉娜·沃卓斯基,基努·里维斯 劳伦斯·菲什伯恩,1999,美国,动作 科幻,9.1,945304,,https://movie.douban.com/subject/1291843/
55,指环王1：护戒使者,彼得·杰克逊,伊利亚·伍德 西恩·奥斯汀,2001,新西兰 美国 英国,剧情 动作 奇幻 冒险,9.1,955045,,https://movie.douban.com/subject/1291571/
56,罗马假日,威廉·惠勒,奥黛丽·赫本 格利高里·派克,1953,美国,剧情 喜剧 爱情,9.1,1044410,,https://movie.douban.com/subject/1293839/
57,教父2,弗朗西斯·福特·科波拉,阿尔·帕西诺 罗伯特·杜瓦尔,1974,美国,剧情 犯罪,9.3,636071,,https://movie.douban.com/subject/1299131/
58,狮子王,罗杰·阿勒斯 罗伯·明可夫,乔纳森·泰勒·托马斯 马修·布罗德里克,1994,美国,动画 歌舞 冒险,9.1,956174,,https://movie.douban.com/subject/1301753/
59,天堂电影院,朱塞佩·托纳多雷,菲利普·努瓦雷 萨瓦特利·卡西欧,1988,意大利 法国,剧情 爱情,9.2,738097,,https://movie.douban.com/subject/1291828/
60,饮食男女,李安,郎雄 杨贵媚,1994,中国台湾 美国,剧情 家庭,9.2,720863,,https://movie.douban.com/subject/1291818/
61,辩护人,杨宇硕,宋康昊 金迎爱,2013,韩国,剧情,9.2,655447,电影的现实意义大过电影本身。,https://movie.douban.com/subject/21937445/
62,本杰明·巴顿奇事,大卫·芬奇,布拉德·皮特 凯特·布兰切特,2008,美国,剧情 爱情 奇幻,9.0,1100317,在时间之河里感受溺水之苦。,https://movie.douban.com/subject/1485260/
63,搏击俱乐部,大卫·芬奇,爱德华·诺顿 布拉德·皮特,1999,美国,剧情 动作 悬疑 惊悚,9.0,968923,,https://movie.douban.com/subject/1292000/
64,美丽心灵,朗·霍华德,罗素·克劳 艾德·哈里斯,2001,美国,剧情 传记,9.1,850593,,https://movie.douban.com/subject/1306029/
65,穿条纹睡衣的男孩,马克·赫尔曼,阿萨·巴特菲尔德 维拉·法米加,2008,英国 美国,剧情 战争,9.2,639062,尽管有些不切实际的幻想，这部电影依旧是一部感人肺腑的佳作。,https://movie.douban.com/subject/3008247/
66,情书,岩井俊二,中山美穗 丰川悦司,1995,日本,剧情 爱情,8.9,1319034,,https://movie.douban.com/subject/1292220/
67,哈利·波特与死亡圣器(下),大卫·叶茨,丹尼尔·雷德克里夫 艾玛·沃森,2011,美国 英国,奇幻 冒险,9.0,966268,10年的完美句点。,https://movie.douban.com/subject/3011235/
68,两杆大烟枪,盖·里奇,杰森·弗莱明 德克斯特·弗莱彻,1998,英国,剧情 喜剧 犯罪,9.1,674684,,https://movie.douban.com/subject/1293350/
69,窃听风暴,弗洛里安·亨克尔·冯·多纳斯马尔克,乌尔里希·穆埃 马蒂娜·格德克,2006,德国,剧情 悬疑,9.2,629551,别样人生。,https://movie.douban.com/subject/1900841/
70,音乐之声,罗伯特·怀斯,朱莉·安德鲁斯 克里斯托弗·普卢默,1965,美国,剧情 爱情 歌舞 传记,9.1,681324,,https://movie.douban.com/subject/1294408/
71,功夫,周星驰,周星驰 元秋,2004,中国大陆 中国香港,喜剧 动作 犯罪 奇幻,8.9,1329036,警恶惩奸，维护世界和平这个任务就交给你了，好吗？,https://movie.douban.com/subject/1291543/
72,哈利·波特与阿兹卡班的囚徒,阿方索·卡隆,丹尼尔·雷德克里夫 艾玛·沃森,2004,英国 美国,奇幻 冒险,9.0,886448,不一样的导演，不一样的哈利·波特。,https://movie.douban.com/subject/1291544/
73,西西里的美丽传说,朱塞佩·托纳多雷,莫妮卡·贝鲁奇 朱塞佩·苏尔法罗,2000,意大利 美国,剧情 情色 战争,8.9,1089290,,https://movie.douban.com/subject/1292402/
74,阿凡达,詹姆斯·卡梅隆,萨姆·沃辛顿 佐伊·索尔达娜,2009,美国,动作 科幻 冒险,8.8,1580432,绝对意义上的美轮美奂。,https://movie.douban.com/subject/1652587/
75,看不见的客人,奥里奥尔·保罗,马里奥·卡萨斯 阿娜·瓦格纳,2016,西班牙,剧情 悬疑 惊悚 犯罪,8.8,1434590,你以为你以为的就是你以为的。,https://movie.douban.com/subject/26580232/
76,拯救大兵瑞恩,史蒂文·斯皮尔伯格,汤姆·汉克斯 汤姆·塞兹摩尔,1998,美国,剧情 战争,9.1,721969,,https://movie.douban.com/subject/1292849/
77,沉默的羔羊,乔纳森·戴米,朱迪·福斯特 安东尼·霍普金斯,1991,美国,剧情 惊悚 犯罪,8.9,1011875,,https://movie.douban.com/subject/1293544/
78,小鞋子,马基德·马基迪,默罕默德·阿米尔·纳吉 阿米尔·法拉赫·哈什米安,1997,伊朗,剧情 家庭 儿童,9.2,462813,,https://movie.douban.com/subject/1303021/
79,布达佩斯大饭店,韦斯·安德森,拉尔夫·费因斯 托尼·雷沃罗利,2014,美国 德国 英国,剧情 喜剧 冒险,8.9,1080753,小清新的故事里注入了大历史的情怀。,https://movie.douban.com/subject/11525673/
80,蝴蝶效应,埃里克·布雷斯 J·麦基·格鲁伯,阿什顿·库彻 梅洛拉·沃尔特斯,2004,美国 加拿大,剧情 科幻 悬疑 惊悚,8.9,1063543,人的命运被自己瞬间的抉择改变。,https://movie.douban.com/subject/1292343/
81,飞越疯人院,米洛斯·福尔曼,杰克·尼科尔森 路易丝·弗莱彻,1975,美国,剧情,9.1,601598,,https://movie.douban.com/subject/1292224/
82,禁闭岛,马丁·斯科塞斯,莱昂纳多·迪卡普里奥 马克·鲁法洛,2010,美国,剧情 悬疑 惊悚,8.9,1108192,昔日翩翩少年，今日大腹便便。,https://movie.douban.com/subject/2334904/
83,还有明天,宝拉·柯特莱西,宝拉·柯特莱西 瓦莱里奥·马斯坦德雷亚,2023,意大利,剧情 喜剧 历史,9.3,361777,,https://movie.douban.com/subject/36445098/
84,心灵捕手,格斯·范·桑特,马特·达蒙 罗宾·威廉姆斯,1997,美国,剧情,9.0,812155,,https://movie.douban.com/subject/1292656/
85,致命魔术,克里斯托弗·诺兰,休·杰克曼 克里斯蒂安·贝尔,2006,英国 美国,剧情 悬疑 惊悚,8.9,961119,孪生蝙蝠侠大战克隆金刚狼。,https://movie.douban.com/subject/1780330/
86,低俗小说,昆汀·塔伦蒂诺,约翰·特拉沃尔塔 乌玛·瑟曼,1994,美国,剧情 喜剧 犯罪,8.9,955498,,https://movie.douban.com/subject/1291832/
87,超脱,托尼·凯耶,阿德里安·布罗迪 马西娅·盖伊·哈登,2011,美国,剧情,9.0,719849,穷尽一生，我们要学会的，不过是彼此拥抱。,https://movie.douban.com/subject/5322596/
88,哈利·波特与密室,克里斯·哥伦布,丹尼尔·雷德克里夫 艾玛·沃森,2002,英国 美国,奇幻 冒险,8.9,912647,,https://movie.douban.com/subject/1296996/
89,一一,杨德昌,吴念真 李凯莉,2000,中国台湾 日本,剧情 爱情 家庭,9.1,505693,,https://movie.douban.com/subject/1292434/
90,喜剧之王,周星驰 李力持,周星驰 张柏芝,1999,中国香港,剧情 喜剧 爱情,8.8,1090991,,https://movie.douban.com/subject/1302425/
91,摩登时代,查理·卓别林,查理·卓别林 宝莲·高黛,1936,美国,剧情 喜剧 爱情,9.3,345515,,https://movie.douban.com/subject/1294371/
92,杀人回忆,奉俊昊,宋康昊 金相庆,2003,韩国,剧情 动作 悬疑 惊悚 犯罪,8.9,833582,,https://movie.douban.com/subject/1300299/
93,致命ID,詹姆斯·曼高德,约翰·库萨克 雷·利奥塔,2003,美国,剧情 悬疑 惊悚,8.9,944355,,https://movie.douban.com/subject/1297192/
94,春光乍泄,王家卫,张国荣 梁朝伟,1997,中国香港 日本 韩国,剧情 爱情 同性,9.0,707520,,https://movie.douban.com/subject/1292679/
95,加勒比海盗,戈尔·维宾斯基,约翰尼·德普 杰弗里·拉什,2003,美国,动作 奇幻 冒险,8.8,965322,,https://movie.douban.com/subject/1298070/
96,海豚湾,路易·西霍尤斯,路易·西霍尤斯 瑞克·欧贝瑞,2009,美国,纪录片,9.3,381751,海豚的微笑，是世界上最高明的伪装。,https://movie.douban.com/subject/3442220/
97,美国往事,赛尔乔·莱昂内,罗伯特·德尼罗 詹姆斯·伍兹,1984,美国 意大利,剧情 犯罪,9.1,470080,,https://movie.douban.com/subject/1292262/
98,红辣椒,今敏,林原惠美 江守彻,2006,日本,科幻 动画 悬疑 惊悚,9.0,567246,梦的勾结。,https://movie.douban.com/subject/1865703/
99,七宗罪,大卫·芬奇,摩根·弗里曼 布拉德·皮特,1995,美国,剧情 悬疑 惊悚 犯罪,8.8,1058235,,https://movie.douban.com/subject/1292223/
100,唐伯虎点秋香,李力持,周星驰 巩俐,1993,中国香港,喜剧 爱情 古装,8.8,1220891,,https://movie.douban.com/subject/1306249/
101,狩猎,托马斯·温特伯格,麦斯·米科尔森 托玛斯·博·拉森,2012,丹麦 瑞典,剧情,9.1,468367,人言可畏。,https://movie.douban.com/subject/6985810/
102,幽灵公主,宫崎骏,松田洋治 石田百合子,1997,日本,动画 奇幻 冒险,8.9,667378,,https://movie.douban.com/subject/1297359/
103,甜蜜蜜,陈可辛,黎明 张曼玉,1996,中国香港,剧情 爱情,8.9,670465,,https://movie.douban.com/subject/1305164/
104,寄生虫,奉俊昊,宋康昊 李善均,2019,韩国,剧情,8.8,1543842,,https://movie.douban.com/subject/27010768/
105,蝙蝠侠：黑暗骑士崛起,克里斯托弗·诺兰,克里斯蒂安·贝尔 汤姆·哈迪,2012,美国 英国,剧情 动作 科幻 惊悚 犯罪,8.9,812190,诺兰就是保证。,https://movie.douban.com/subject/3395373/
106,天书奇谭,王树忱 钱运达,丁建华 毕克,1983,中国大陆,动画 奇幻,9.2,333389,,https://movie.douban.com/subject/1428581/
107,7号房的礼物,李焕京,柳承龙 朴信惠,2013,韩国,剧情 喜剧 家庭,8.9,620581,《我是山姆》的《美丽人生》。,https://movie.douban.com/subject/10777687/
108,超能陆战队,唐·霍尔 克里斯·威廉姆斯,斯科特·安第斯 瑞恩·波特,2014,美国,喜剧 动作 科幻 动画 冒险,8.8,1142152,Balalala~~~,https://movie.douban.com/subject/11026735/
109,第六感,M·奈特·沙马兰,布鲁斯·威利斯 海利·乔·奥斯蒙,1999,美国,剧情 悬疑 惊悚,8.9,634991,,https://movie.douban.com/subject/1297630/
110,爱在黎明破晓前,理查德·林克莱特,伊桑·霍克 朱莉·德尔佩,1995,美国 奥地利 瑞士,剧情 爱情,8.8,797869,,https://movie.douban.com/subject/1296339/
111,茶馆,谢添,于是之 郑榕,1982,中国大陆,剧情 历史,9.5,207277,,https://movie.douban.com/subject/1461403/
112,爱在日落黄昏时,理查德·林克莱特,伊桑·霍克 朱莉·德尔佩,2004,美国 法国,剧情 爱情,8.9,651494,九年后的重逢是世俗和责任的交叠，没了悸动和青涩，沧桑而温暖。,https://movie.douban.com/subject/1291990/
113,被嫌弃的松子的一生,中岛哲也,中谷美纪 永山瑛太,2006,日本,剧情 歌舞,8.8,773783,以戏谑来戏谑戏谑。,https://movie.douban.com/subject/1787291/
114,哈利·波特与火焰杯,迈克·内威尔,丹尼尔·雷德克里夫 艾玛·沃森,2005,英国 美国,悬疑 奇幻 冒险,8.8,799186,,https://movie.douban.com/subject/1309055/
115,头脑特工队,彼特·道格特 罗纳尔多·德尔·卡门,艾米·波勒 菲利丝·史密斯,2015,美国,喜剧 动画 冒险,8.8,803099,愿我们都不用长大，每一座城堡都能永远存在。,https://movie.douban.com/subject/10533913/
116,未麻的部屋,今敏,岩男润子 松本梨香,1997,日本,剧情 动画 悬疑 惊悚 犯罪,9.1,423823,,https://movie.douban.com/subject/1395091/
117,重庆森林,王家卫,林青霞 金城武,1994,中国香港,剧情 爱情,8.8,920809,,https://movie.douban.com/subject/1291999/
118,借东西的小人阿莉埃蒂,米林宏昌,志田未来 神木隆之介,2010,日本,动画 奇幻 冒险,8.9,626454,曾经的那段美好会沉淀为一辈子的记忆。,https://movie.douban.com/subject/4202302/
119,入殓师,泷田洋二郎,本木雅弘 广末凉子,2008,日本,剧情,8.9,741902,死可能是一道门，逝去并不是终结，而是超越，走向下一程。,https://movie.douban.com/subject/2149806/
120,菊次郎的夏天,北野武,北野武 关口雄介,1999,日本,剧情 喜剧,8.9,672250,,https://movie.douban.com/subject/1293359/
121,断背山,李安,希斯·莱杰 杰克·吉伦哈尔,2005,美国 加拿大,剧情 爱情 同性 家庭,8.8,781280,每个人心中都有一座断背山。,https://movie.douban.com/subject/1418834/
122,剪刀手爱德华,蒂姆·波顿,约翰尼·德普 薇诺娜·瑞德,1990,美国,剧情 爱情 奇幻,8.7,1119005,,https://movie.douban.com/subject/1292370/
123,勇敢的心,梅尔·吉布森,梅尔·吉布森 苏菲·玛索,1995,美国,剧情 动作 传记 历史 战争,8.9,604797,,https://movie.douban.com/subject/1294639/
124,时空恋旅人,理查德·柯蒂斯,多姆纳尔·格里森 瑞秋·麦克亚当斯,2013,英国 美国,喜剧 爱情 奇幻,8.8,790563,把每天当作最后一天般珍惜度过，积极拥抱生活，就是幸福。,https://movie.douban.com/subject/10577869/
125,驯龙高手,迪恩·戴布洛伊 克里斯·桑德斯,杰伊·巴鲁切尔 杰拉德·巴特勒,2010,美国,动画 奇幻 冒险,8.8,863215,和谐的生活离不开摸头与被摸头。,https://movie.douban.com/subject/2353023/
126,消失的爱人,大卫·芬奇,本·阿弗莱克 裴淳华,2014,美国,剧情 悬疑 惊悚 犯罪,8.7,1071078,年度最佳date movie。,https://movie.douban.com/subject/21318488/
127,无人知晓,是枝裕和,柳乐优弥 北浦爱,2004,日本,剧情,9.1,371562,我的平常生活就是他人的幸福。,https://movie.douban.com/subject/1292337/
128,倩女幽魂,程小东,张国荣 王祖贤,1987,中国香港,爱情 奇幻 武侠 古装,8.8,834437,,https://movie.douban.com/subject/1297447/
129,傲慢与偏见,乔·赖特,凯拉·奈特莉 马修·麦克费登,2005,法国 英国 美国,剧情 爱情,8.7,930960,爱是摈弃傲慢与偏见之后的曙光。,https://movie.douban.com/subject/1418200/
130,花样年华,王家卫,张曼玉 梁朝伟,2000,中国香港,剧情 爱情,8.8,802972,,https://movie.douban.com/subject/1291557/
131,新世界,朴勋政,李政宰 崔岷植,2013,韩国,剧情 犯罪,8.9,526083,要做就做得狠一点，这样才能活下去。,https://movie.douban.com/subject/10437779/
132,玩具总动员3,李·昂克里奇,汤姆·汉克斯 蒂姆·艾伦,2010,美国,喜剧 动画 奇幻 冒险,8.9,591411,跨度十五年的欢乐与泪水。,https://movie.douban.com/subject/1858711/
133,完美的世界,克林特·伊斯特伍德,凯文·科斯特纳 劳拉·邓恩,1993,美国,剧情 犯罪,9.1,359582,,https://movie.douban.com/subject/1300992/
134,一个叫欧维的男人决定去死,汉内斯·赫尔姆,罗夫·拉斯加德 巴哈·帕斯,2015,瑞典,剧情,8.9,567605,惠及一生的美丽。,https://movie.douban.com/subject/26628357/
135,色，戒,李安,梁朝伟 汤唯,2007,中国台湾 中国大陆 美国 中国香港,剧情 爱情 情色,8.7,958911,假戏真情，爱欲深海,https://movie.douban.com/subject/1828115/
136,阳光灿烂的日子,姜文,夏雨 宁静,1994,中国大陆 中国香港,剧情 爱情,8.8,694611,,https://movie.douban.com/subject/1291875/
137,怪兽电力公司,彼特·道格特 大卫·西尔弗曼 李·昂克里奇,约翰·古德曼 比利·克里斯托,2001,美国,喜剧 动画 儿童 奇幻 冒险,8.8,768972,,https://movie.douban.com/subject/1291579/
138,小森林 夏秋篇,森淳一,桥本爱 三浦贵大,2014,日本,剧情,9.0,472680,那些静得只能听见呼吸的日子里，你明白孤独即生活。,https://movie.douban.com/subject/25814705/
139,天使爱美丽,让-皮埃尔·热内,奥黛丽·塔图 马修·卡索维茨,2001,法国 德国,剧情 喜剧 爱情,8.7,1020036,,https://movie.douban.com/subject/1292215/
140,教父3,弗朗西斯·福特·科波拉,阿尔·帕西诺 黛安·基顿,1990,美国,剧情 犯罪,9.0,431414,,https://movie.douban.com/subject/1294240/
141,侧耳倾听,近藤喜文,本名阳子 小林桂树,1995,日本,剧情 爱情 动画,8.9,519817,,https://movie.douban.com/subject/1297052/
142,哪吒闹海,王树忱 严定宪 徐景达,梁正晖 邱岳峰,1979,中国大陆,动画 奇幻 冒险,9.2,307730,,https://movie.douban.com/subject/1307315/
143,九品芝麻官,王晶,周星驰 吴孟达,1994,中国香港,剧情 喜剧 古装,8.8,792584,,https://movie.douban.com/subject/1297518/
144,请以你的名字呼唤我,卢卡·瓜达尼诺,艾米·汉莫 提莫西·查拉梅,2017,意大利 法国 巴西 美国,剧情 爱情 同性,8.8,822622,沉醉在电影的情感和视听氛围中无法自拔。,https://movie.douban.com/subject/26799731/
145,被解救的姜戈,昆汀·塔伦蒂诺,杰米·福克斯 莱昂纳多·迪卡普里奥,2012,美国,剧情 动作 西部 冒险,8.8,690932,热血沸腾，那个低俗、性感的无耻混蛋又来了。,https://movie.douban.com/subject/6307447/
146,幸福终点站,史蒂文·斯皮尔伯格,汤姆·汉克斯 凯瑟琳·泽塔-琼斯,2004,美国,剧情 喜剧 爱情,8.8,641027,有时候幸福需要等一等。 ,https://movie.douban.com/subject/1292274/
147,釜山行,延尚昊,孔刘 郑裕美,2016,韩国,动作 惊悚 灾难,8.6,1348047,揭露人性的丧尸题材力作。,https://movie.douban.com/subject/25986180/
148,神偷奶爸,皮埃尔·柯芬 克里斯·雷纳德,史蒂夫·卡瑞尔 杰森·席格尔,2010,美国 法国,喜剧 动画 冒险,8.7,1045324,Mr. I Don't Care其实也有Care的时候。,https://movie.douban.com/subject/3287562/
149,小森林 冬春篇,森淳一,桥本爱 三浦贵大,2015,日本,剧情,9.0,420044,尊敬他人，尊敬你生活的这片土地，明白孤独是人生的常态。,https://movie.douban.com/subject/25814707/
150,喜宴,李安,赵文瑄 归亚蕾,1993,中国台湾 美国,剧情 喜剧 爱情 同性 家庭,9.0,430716,,https://movie.douban.com/subject/1303037/
151,萤火之森,大森贵弘,佐仓绫音 内山昂辉,2011,日本,剧情 爱情 动画 奇幻,8.8,609922,触不到的恋人。,https://movie.douban.com/subject/5989818/
152,告白,中岛哲也,松隆子 冈田将生,2010,日本,剧情 悬疑,8.8,742871,没有一人完全善，也没有一人完全恶。,https://movie.douban.com/subject/4268598/
153,玛丽和麦克斯,亚当·艾略特,托妮·科莱特 菲利普·塞默·霍夫曼,2009,澳大利亚 美国,剧情 喜剧 动画,9.0,470045,你是我最好的朋友，你是我唯一的朋友 。,https://movie.douban.com/subject/3072124/
154,七武士,黑泽明,三船敏郎 志村乔,1954,日本,剧情 动作 冒险,9.3,235069,,https://movie.douban.com/subject/1295399/
155,头号玩家,史蒂文·斯皮尔伯格,泰伊·谢里丹 奥利维亚·库克,2018,美国,动作 科幻 冒险,8.6,1514918,写给影迷，动漫迷和游戏迷的一封情书。,https://movie.douban.com/subject/4920389/
156,模仿游戏,莫滕·泰杜姆,本尼迪克特·康伯巴奇 凯拉·奈特莉,2014,英国 美国,剧情 同性 传记 战争,8.8,719267,他给机器起名“克里斯托弗”，因为这是他初恋的名字。,https://movie.douban.com/subject/10463953/
157,惊魂记,阿尔弗雷德·希区柯克,安东尼·博金斯 维拉·迈尔斯,1960,美国,悬疑 惊悚 恐怖,9.0,355716,,https://movie.douban.com/subject/1293181/
158,大鱼,蒂姆·波顿,伊万·麦克格雷格 阿尔伯特·芬尼,2003,美国,剧情 爱情 奇幻 冒险,8.8,626302,,https://movie.douban.com/subject/1291545/
159,心灵奇旅,彼特·道格特 凯普·鲍尔斯,杰米·福克斯 蒂娜·菲,2020,美国,动画 音乐 奇幻,8.7,1140670,,https://movie.douban.com/subject/24733428/
160,射雕英雄传之东成西就,刘镇伟,梁朝伟 林青霞,1993,中国香港,喜剧 奇幻 武侠 古装,8.7,717293,,https://movie.douban.com/subject/1316510/
161,血战钢锯岭,梅尔·吉布森,安德鲁·加菲尔德 萨姆·沃辛顿,2016,澳大利亚 美国,剧情 传记 历史 战争,8.7,858800,优秀的战争片不会美化战场，不会粉饰死亡，不会矮化敌人，不会无视常识，最重要的，不会宣扬战争。,https://movie.douban.com/subject/26325320/
162,背靠背，脸对脸,黄建新 杨亚洲,牛振华 雷恪生,1994,中国大陆 中国香港,剧情,9.5,179360,,https://movie.douban.com/subject/1307856/
163,你的名字。,新海诚,神木隆之介 上白石萌音,2016,日本,剧情 爱情 动画,8.5,1591005,穿越错位的时空，仰望陨落的星辰，你没留下你的名字，我却无法忘记那句“我爱你”。,https://movie.douban.com/subject/26683290/
164,机器人之梦,巴勃罗·贝格尔,伊万·拉班达,2023,西班牙 法国,剧情 动画 音乐,9.1,434591,,https://movie.douban.com/subject/35426925/
165,我是山姆,杰茜·尼尔森,西恩·潘 达科塔·范宁,2001,美国,剧情 家庭,9.0,376135,,https://movie.douban.com/subject/1306861/
166,阳光姐妹淘,姜炯哲,沈恩敬 闵孝琳,2011,韩国,剧情 喜剧,8.8,638026,再多各自牛逼的时光，也比不上一起傻逼的岁月。 ,https://movie.douban.com/subject/4917726/
167,恐怖直播,金秉祐,河正宇 李璟荣,2013,韩国,剧情 悬疑 犯罪,8.7,727636,恐怖分子的“秋菊打官司”。,https://movie.douban.com/subject/21360417/
168,黑客帝国3：矩阵革命,拉娜·沃卓斯基 莉莉·沃卓斯基,基努·里维斯 劳伦斯·菲什伯恩,2003,美国,动作 科幻,8.8,496913,,https://movie.douban.com/subject/1302467/
169,小丑,托德·菲利普斯,华金·菲尼克斯 罗伯特·德尼罗,2019,美国 加拿大,剧情 惊悚 犯罪,8.7,1124594,,https://movie.douban.com/subject/27119724/
170,三块广告牌,马丁·麦克唐纳,弗兰西斯·麦克多蒙德 伍迪·哈里森,2017,英国 美国,剧情 犯罪,8.7,919147,怼天怼地，你走后，她与世界为敌。,https://movie.douban.com/subject/26611804/
171,谍影重重3,保罗·格林格拉斯,马特·达蒙 朱丽娅·斯蒂尔斯,2007,美国 德国 法国 英国,动作 悬疑 惊悚,8.9,470442,像吃了苏打饼一样干脆的电影。,https://movie.douban.com/subject/1578507/
172,电锯惊魂,温子仁,雷·沃纳尔 加利·艾尔维斯,2004,美国,悬疑 惊悚 恐怖,8.7,612336,真相就在眼前。,https://movie.douban.com/subject/1417598/
173,末路狂花,雷德利·斯科特,吉娜·戴维斯 苏珊·萨兰登,1991,美国 英国 法国,剧情 惊悚 犯罪,9.0,345671,,https://movie.douban.com/subject/1291992/
174,高山下的花环,谢晋,吕晓禾 唐国强,1984,中国大陆,剧情 战争,9.5,158135,,https://movie.douban.com/subject/1422283/
175,无间道2,刘伟强 麦兆辉,陈冠希 余文乐,2003,中国香港,剧情 惊悚 犯罪,8.8,566300,,https://movie.douban.com/subject/1307106/
176,达拉斯买家俱乐部,让-马克·瓦雷,马修·麦康纳 詹妮弗·加纳,2013,美国,剧情 同性 传记,8.8,505502,Jared Leto的腿比女人还美！,https://movie.douban.com/subject/1793929/
177,疯狂原始人,柯克·德·米科 克里斯·桑德斯,尼古拉斯·凯奇 艾玛·斯通,2013,美国,喜剧 动画 冒险,8.7,920606,老少皆宜，这就是好莱坞动画的魅力。,https://movie.douban.com/subject/1907966/
178,绿里奇迹,弗兰克·德拉邦特,汤姆·汉克斯 大卫·摩斯,1999,美国,剧情 悬疑 犯罪 奇幻,8.9,387842,,https://movie.douban.com/subject/1300374/
179,爱在午夜降临前,理查德·林克莱特,伊桑·霍克 朱莉·德尔佩,2013,美国 希腊,剧情 爱情,8.9,472819,所谓爱情，就是话唠一路，都不会心生腻烦，彼此嫌弃。,https://movie.douban.com/subject/10808442/
180,疯狂的石头,宁浩,郭涛 刘桦,2006,中国大陆 中国香港,喜剧 犯罪,8.6,925224,中国版《两杆大烟枪》。,https://movie.douban.com/subject/1862151/
181,雨中曲,斯坦利·多南 吉恩·凯利,吉恩·凯利 唐纳德·奥康纳,1952,美国,喜剧 爱情 歌舞,9.1,268358,,https://movie.douban.com/subject/1293460/
182,2001太空漫游,斯坦利·库布里克,凯尔·杜拉 加里·洛克伍德,1968,英国 美国,科幻 惊悚 冒险,8.9,395887,,https://movie.douban.com/subject/1292226/
183,海街日记,是枝裕和,绫濑遥 长泽雅美,2015,日本,剧情 家庭,8.8,520503,是枝裕和的家庭习作。,https://movie.douban.com/subject/25895901/
184,风之谷,宫崎骏,岛本须美 松田洋治,1984,日本,动画 奇幻 冒险,8.9,393369,,https://movie.douban.com/subject/1291585/
185,上帝之城,费尔南多·梅里尔斯 卡蒂亚·伦德,亚历桑德雷·罗德里格斯 莱安德鲁·菲尔米诺,2002,巴西 法国,剧情 犯罪,9.0,333199,,https://movie.douban.com/subject/1292208/
186,心迷宫,忻钰坤,霍卫民 王笑天,2014,中国大陆,剧情 悬疑 犯罪,8.7,616858,荒诞讽刺，千奇百巧，抽丝剥茧，百转千回。,https://movie.douban.com/subject/25917973/
187,英雄本色,吴宇森,周润发 狄龙,1986,中国香港,剧情 动作 犯罪,8.6,605781,,https://movie.douban.com/subject/1297574/
188,记忆碎片,克里斯托弗·诺兰,盖·皮尔斯 凯瑞-安·莫斯,2000,美国,剧情 悬疑 惊悚 犯罪,8.7,668394,,https://movie.douban.com/subject/1304447/
189,纵横四海,吴宇森,周润发 张国荣,1991,中国香港,剧情 喜剧 动作 犯罪,8.8,473334,,https://movie.douban.com/subject/1295409/
190,无敌破坏王,瑞奇·摩尔,约翰·C·赖利 萨拉·西尔弗曼,2012,美国,喜剧 动画 奇幻 冒险,8.7,611700,迪士尼和皮克斯拿错剧本的产物。,https://movie.douban.com/subject/6534248/
191,卢旺达饭店,特瑞·乔治,唐·钱德尔 苏菲·奥康内多,2004,英国 南非 意大利 美国,剧情 传记 历史 战争,8.9,366915,当这个世界闭上双眼，他却敞开了怀抱。,https://movie.douban.com/subject/1291822/
192,东京教父,今敏,江守彻 梅垣义明,2003,日本,剧情 喜剧 动画,9.0,290855,,https://movie.douban.com/subject/1310177/
193,小偷家族,是枝裕和,中川雅也 安藤樱,2018,日本,剧情 家庭 犯罪,8.7,894805,我们组成了家。,https://movie.douban.com/subject/27622447/
194,牯岭街少年杀人事件,杨德昌,张震 杨静怡,1991,中国台湾,剧情 犯罪,8.9,368666,,https://movie.douban.com/subject/1292329/
195,恐怖游轮,克里斯托弗·史密斯,梅利莎·乔治 迈克尔·多曼,2009,英国 澳大利亚,科幻 悬疑 惊悚 奇幻,8.5,988901,不要企图在重复中寻找已经失去的爱。,https://movie.douban.com/subject/3011051/
196,冰川时代,卡洛斯·沙尔丹哈 克里斯·韦奇,雷·罗马诺 约翰·雷吉扎莫,2002,美国,喜剧 动画 冒险,8.7,685554,,https://movie.douban.com/subject/1291578/
197,魔女宅急便,宫崎骏,高山南 佐久间玲,1989,日本,动画 奇幻 冒险,8.7,524103,,https://movie.douban.com/subject/1307811/
198,芙蓉镇,谢晋,刘晓庆 姜文,1987,中国大陆,剧情 爱情,9.3,189569,,https://movie.douban.com/subject/1297880/
199,忠犬八公物语,神山征二郎,仲代达矢 八千草薰,1987,日本,剧情,9.2,218528,,https://movie.douban.com/subject/1959195/
200,岁月神偷,罗启锐,吴君如 任达华,2010,中国香港 中国大陆,剧情 家庭,8.7,612499,岁月流逝，来日可追。,https://movie.douban.com/subject/3792799/
201,荒蛮故事,达米安·斯兹弗隆,达里奥·格兰迪内蒂 玛丽娅·玛努尔,2014,阿根廷 西班牙,剧情 喜剧 犯罪,8.7,517277,始于荒诞，止于更荒诞。,https://movie.douban.com/subject/24750126/
202,遗愿清单,罗伯·莱纳,杰克·尼科尔森 摩根·弗里曼,2007,美国,剧情 喜剧 冒险,8.7,537924,用剩余不多的时间，去燃烧整个生命。,https://movie.douban.com/subject/1867345/
203,大佛普拉斯,黄信尧,庄益增 陈竹升,2017,中国台湾,剧情 喜剧,8.7,553467,人们可以登上月球，却永远无法探索人们内心的宇宙。,https://movie.douban.com/subject/27059130/
204,源代码,邓肯·琼斯,杰克·吉伦哈尔 维拉·法米加,2011,美国 加拿大,科幻 悬疑 惊悚,8.6,925151,邓肯·琼斯继《月球》之后再度奉献出一部精彩绝伦的科幻佳作。,https://movie.douban.com/subject/3075287/
205,花束般的恋爱,土井裕泰,菅田将晖 有村架纯,2021,日本,剧情 爱情,8.6,826078,,https://movie.douban.com/subject/34874432/
206,疯狂的麦克斯4：狂暴之路,乔治·米勒,汤姆·哈迪 查理兹·塞隆,2015,澳大利亚 美国,动作 科幻 冒险,8.7,618245,“多么美好的一天！”轰轰轰砰咚，啪哒哒哒轰隆隆，磅~,https://movie.douban.com/subject/3592854/
207,白日梦想家,本·斯蒂勒,本·斯蒂勒 克里斯汀·韦格,2013,美国 英国,剧情 喜剧 冒险,8.6,646226,,https://movie.douban.com/subject/2133323/
208,你看起来好像很好吃,藤森雅也,山口胜平 爱河里花子,2010,日本,剧情 动画 儿童,8.9,375607,感情不分食草或者食肉。,https://movie.douban.com/subject/4848115/
209,可可西里,陆川,多布杰 张垒,2004,中国大陆 中国香港,剧情 犯罪,8.9,346265,坚硬的信仰。,https://movie.douban.com/subject/1308857/
210,贫民窟的百万富翁,丹尼·博伊尔 洛芙琳·坦丹,戴夫·帕特尔 沙鲁巴·舒克拉,2008,英国,剧情 爱情,8.6,806651,上帝之城+猜火车+阿甘正传+开心辞典=山寨富翁,https://movie.douban.com/subject/2209573/
211,爱乐之城,达米恩·查泽雷,瑞恩·高斯林 艾玛·斯通,2016,美国,剧情 爱情 歌舞,8.4,1111477,,https://movie.douban.com/subject/25934014/
212,波西米亚狂想曲,布莱恩·辛格,拉米·马雷克 本·哈迪,2018,英国 美国,剧情 同性 音乐 传记,8.6,689673,,https://movie.douban.com/subject/5300054/
213,城市之光,查理·卓别林,查理·卓别林 弗吉尼亚·切瑞尔,1931,美国,剧情 喜剧 爱情,9.3,172758,,https://movie.douban.com/subject/1293908/
214,爆裂鼓手,达米恩·查泽雷,迈尔斯·特勒 J·K·西蒙斯,2014,美国,剧情 音乐,8.6,690620,这个世界从不善待努力的人，努力了也不一定会成功，但是知道自己在努力，就是活下去的动力。,https://movie.douban.com/subject/25773932/
215,东邪西毒,王家卫,张国荣 林青霞,1994,中国香港 中国台湾,剧情 动作 爱情 武侠 古装,8.6,635231,,https://movie.douban.com/subject/1292328/
216,青蛇,徐克,张曼玉 王祖贤,1993,中国香港 中国大陆,剧情 爱情 奇幻 古装,8.6,600948,,https://movie.douban.com/subject/1303394/
217,哈利·波特与死亡圣器(上),大卫·叶茨,丹尼尔·雷德克里夫 艾玛·沃森,2010,英国 美国,奇幻 冒险,8.6,695325,最忠于原著的一部。,https://movie.douban.com/subject/2051007/
218,无耻混蛋,昆汀·塔伦蒂诺,布拉德·皮特 梅拉尼·罗兰,2009,德国 美国,剧情 犯罪,8.7,561838,昆汀同学越来越变态了，比北野武还杜琪峰。,https://movie.douban.com/subject/1438652/
219,终结者2：审判日,詹姆斯·卡梅隆,阿诺·施瓦辛格 琳达·汉密尔顿,1991,美国 法国,动作 科幻,8.8,385639,,https://movie.douban.com/subject/1291844/
220,大红灯笼高高挂,张艺谋,巩俐 马精武,1991,中国大陆 中国香港 中国台湾,剧情,8.8,371380,,https://movie.douban.com/subject/1293323/
221,黑天鹅,达伦·阿伦诺夫斯基,娜塔莉·波特曼 米拉·库尼斯,2010,美国,剧情 惊悚,8.6,846667,黑暗之美。,https://movie.douban.com/subject/1978709/
222,新龙门客栈,李惠民,张曼玉 林青霞,1992,中国香港 中国大陆,动作 爱情 武侠 古装,8.7,509559,,https://movie.douban.com/subject/1292287/
223,初恋这件小事,普特鹏·普罗萨卡·那·萨克那卡林 华森·波克彭,平采娜·乐维瑟派布恩 马里奥·毛瑞尔,2010,泰国,剧情 喜剧 爱情,8.5,1051500,黑小鸭速效美白记。,https://movie.douban.com/subject/4739952/
224,人工智能,史蒂文·斯皮尔伯格,海利·乔·奥斯蒙 弗兰西丝·奥康纳,2001,美国,剧情 科幻,8.7,502170,,https://movie.douban.com/subject/1302827/
225,千钧一发,安德鲁·尼科尔,伊桑·霍克 乌玛·瑟曼,1997,美国,剧情 科幻 惊悚,8.8,350143,,https://movie.douban.com/subject/1300117/
226,崖上的波妞,宫崎骏,神月柚莉爱 土井洋辉,2008,日本,动画 奇幻 冒险,8.6,575153,,https://movie.douban.com/subject/1959877/
227,雨人,巴瑞·莱文森,达斯汀·霍夫曼 汤姆·克鲁斯,1988,美国,剧情,8.7,442963,,https://movie.douban.com/subject/1291870/
228,虎口脱险,热拉尔·乌里,路易·德·菲奈斯 布尔维尔,1966,法国 英国,喜剧 战争,8.9,296124,,https://movie.douban.com/subject/1296909/
229,哈利·波特与凤凰社,大卫·叶茨,丹尼尔·雷德克里夫 艾玛·沃森,2007,英国 美国,奇幻 冒险,8.6,695116,,https://movie.douban.com/subject/1457217/
230,彗星来的那一夜,詹姆斯·沃德·布柯特,艾米丽·芭尔多尼 莫瑞·史特林,2013,美国 英国,科幻 悬疑 惊悚,8.6,683859,小成本大魅力。,https://movie.douban.com/subject/25807345/
231,罗生门,黑泽明,三船敏郎 京町子,1950,日本,剧情 悬疑 犯罪,8.8,358167,,https://movie.douban.com/subject/1291879/
232,海边的曼彻斯特,肯尼思·洛纳根,卡西·阿弗莱克 卢卡斯·赫奇斯,2016,美国,剧情 家庭,8.6,652222,我们都有权利不与自己的过去和解。,https://movie.douban.com/subject/25980443/
233,恋恋笔记本,尼克·卡萨维蒂,瑞恩·高斯林 瑞秋·麦克亚当斯,2004,美国,剧情 爱情,8.5,747755,爱情没有那么多借口，如果不能圆满，只能说明爱的不够。 ,https://movie.douban.com/subject/1309163/
234,真爱至上,理查德·柯蒂斯,休·格兰特 连姆·尼森,2003,英国 美国 法国,剧情 喜剧 爱情,8.5,808327,,https://movie.douban.com/subject/1292401/
235,火星救援,雷德利·斯科特,马特·达蒙 杰西卡·查斯坦,2015,英国 美国 匈牙利 约旦,剧情 科幻 冒险,8.5,831852,,https://movie.douban.com/subject/25864085/
236,黑客帝国2：重装上阵,拉娜·沃卓斯基 莉莉·沃卓斯基,基努·里维斯 劳伦斯·菲什伯恩,2003,美国,动作 科幻,8.7,455345,,https://movie.douban.com/subject/1304141/
237,步履不停,是枝裕和,阿部宽 夏川结衣,2008,日本,剧情 家庭,8.8,327697,日本的家庭电影已经是世界巅峰了，步履不停是巅峰中的佳作。,https://movie.douban.com/subject/2222996/
238,冰雪奇缘,克里斯·巴克 珍妮弗·李,克里斯汀·贝尔 伊迪娜·门泽尔,2013,美国,喜剧 动画 歌舞 奇幻,8.5,828235,,https://movie.douban.com/subject/4202982/
239,奇迹男孩,斯蒂芬·卓博斯基,雅各布·特伦布莱 朱莉娅·罗伯茨,2017,美国 中国香港,剧情 家庭 儿童,8.6,600595,世界不完美，爱会有奇迹。,https://movie.douban.com/subject/26787574/
240,千年女优,今敏,庄司美代子 小山茉美,2001,日本,剧情 爱情 动画,8.8,317969,,https://movie.douban.com/subject/1307394/
241,战争之王,安德鲁·尼科尔,尼古拉斯·凯奇 布里吉特·莫伊纳汉,2005,美国 德国,剧情 犯罪,8.7,415329,做一颗让别人需要你的棋子。,https://movie.douban.com/subject/1419936/
242,谍影重重2,保罗·格林格拉斯,马特·达蒙 布莱恩·考克斯,2004,美国 德国,动作 悬疑 惊悚,8.7,399595,谁说王家卫镜头很晃？,https://movie.douban.com/subject/1308767/
243,蜘蛛侠：平行宇宙,鲍勃·佩尔西凯蒂 彼得·拉姆齐 罗德尼·罗斯曼,沙梅克·摩尔 杰克·约翰逊,2018,美国,动作 科幻 动画 冒险,8.6,756625,,https://movie.douban.com/subject/26374197/
244,攻壳机动队,押井守,田中敦子 大塚明夫,1995,日本,动作 科幻 动画,9.0,217835,,https://movie.douban.com/subject/1291936/
245,血钻,爱德华·兹威克,莱昂纳多·迪卡普里奥 杰曼·翰苏,2006,美国 德国 英国,剧情 惊悚 冒险,8.7,421734,每个美丽事物背后都是滴血的现实。,https://movie.douban.com/subject/1428175/
246,小姐,朴赞郁,金敏喜 金泰梨,2016,韩国,剧情 悬疑 情色 同性,8.5,574953,,https://movie.douban.com/subject/25977027/
247,魂断蓝桥,茂文·勒鲁瓦,费雯·丽 罗伯特·泰勒,1940,美国,剧情 爱情 战争,8.8,310576,,https://movie.douban.com/subject/1293964/
248,隐藏人物,西奥多·梅尔菲,塔拉吉·P·汉森 奥克塔维亚·斯宾瑟,2016,美国,剧情 传记 历史,8.9,271880,,https://movie.douban.com/subject/26615208/
249,血观音,杨雅喆,惠英红 吴可熙,2017,中国台湾,剧情 悬疑,8.6,559368,,https://movie.douban.com/subject/27113517/
250,房间,伦尼·阿伯拉罕森,布丽·拉尔森 雅各布·特伦布莱,2015,爱尔兰 加拿大 英国 美国,剧情 家庭,8.7,399917,被偷走的岁月，被伤害的生命，被禁锢的灵魂，终将被希望和善意救赎。,https://movie.douban.com/subject/25724855/
